{
  "timestamp": "20251029_224022",
  "config": {
    "epochs": 70,
    "batch_size": 4,
    "patch_size": 128,
    "lr": 0.0001,
    "in_channels": 2,
    "out_channels": 1
  },
  "epochs": [
    {
      "epoch": 1,
      "train_loss": 25.055037286594835,
      "val_loss": 0.5150231271982193,
      "train_psnr": -8.594857800915076,
      "val_psnr": 2.4745283555984496,
      "lr": 0.0001
    }
  ],
  "metrics": {
    "train_loss": [
      25.055037286594835
    ],
    "val_loss": [
      0.5150231271982193
    ],
    "train_psnr": [
      -8.594857800915076
    ],
    "val_psnr": [
      2.4745283555984496
    ],
    "learning_rate": [
      0.0001
    ]
  }
}